{
  "name": "shadowlabyrinth",
  "loadDefault": true,
  "sectorCountMin": 20,
  "sectorCountMax": 30,
  "corridorToCorridorChance": 0.5,
  "roomToRoomChance": 0.1,
  "conditions": [
    {
      "type": "world",
      "dimensionIds": [
        0,
        1
      ],
      "dimensionListType": "whitelist"
    }
  ],
  "themes": [
    "shadow"
  ],
  "entrances": [
    "entrancebasic"
  ],
  "rooms": [
    "roombasic",
    "roombasicloot",
    "roombasicmob",
    "roombasicpit"
  ],
  "corridors": [
    "corridorbasic",
    "corridorbasicdark",
    "corridorbasicloot",
    "corridorbasicmob"
  ],
  "stairs": [
    "stairsbasic"
  ],
  "bossRooms": [
    "roombasicboss"
  ],
  "finishes": [
    "roombasicfinish"
  ],
  "lootTables": [
    {
      "id": "minecraft:chests/simple_dungeon"
    },
    {
      "id": "minecraft:chests/village_blacksmith",
      "level": 0
    },
    {
      "id": "minecraft:chests/nether_bridge",
      "level": 1
    },
    {
      "id": "minecraft:chests/abandoned_mineshaft",
      "level": 1
    },
    {
      "id": "minecraft:chests/stronghold_corridor",
      "level": 2
    },
    {
      "id": "minecraft:chests/stronghold_crossing",
      "level": 2
    }
  ],
  "mobSpawns": [
    {
      "mobId": "shadowmobs:geist",
      "weight": 14
    },
    {
      "mobId": "elementalmobs:grue",
      "weight": 8,
      "dungeonLevelMin": "0"
    },
    {
      "mobId": "shadowmobs:shade",
      "weight": 4,
      "dungeonLevelMin": "1"
    },
    {
      "mobId": "shadowmobs:chupacabra",
      "weight": 4,
      "dungeonLevelMin": "1"
    },
    {
      "mobId": "shadowmobs:darkling",
      "weight": 14,
      "dungeonLevelMin": "1"
    },
    {
      "mobId": "shadowmobs:epion",
      "weight": 1,
      "dungeonLevelMin": "2"
    },
    {
      "mobId": "shadowmobs:phantom",
      "weight": 1,
      "dungeonLevelMin": "2"
    },
    {
      "mobId": "shadowmobs:chupacabra",
      "weight": 1,
      "subspecies": 1,
      "mobNameTag": "Shadow Hound",
      "mobSizeScale": 2,
      "naturalDespawn": "false",
      "mobLevel": 30,
      "spawnAsBoss": true,
      "dungeonLevelMin": "0",
      "dungeonLevelMax": "0",
      "dungeonBoss": true,
      "mobDrops": [
        {
          "item": "shadowmobs:bloodleechscepter"
        }
      ]
    },
    {
      "mobId": "shadowmobs:shade",
      "weight": 1,
      "subspecies": 1,
      "mobNameTag": "Chaos Serpent",
      "mobSizeScale": 2,
      "naturalDespawn": "false",
      "mobLevel": 50,
      "spawnAsBoss": true,
      "dungeonLevelMin": "1",
      "dungeonLevelMax": "1",
      "dungeonBoss": true,
      "mobDrops": [
        {
          "item": "shadowmobs:spectralboltscepter"
        }
      ]
    },
    {
      "mobId": "elementalmobs:grue",
      "weight": 1,
      "subspecies": 3,
      "mobNameTag": "Night Shade",
      "naturalDespawn": "false",
      "spawnAsBoss": true,
      "dungeonLevelMin": "2",
      "dungeonBoss": true,
      "mobDrops": [
        {
          "item": "shadowmobs:spectralboltscepter"
        }
      ]
    }
  ]
}