<?xml version="1.0" encoding="UTF-8" standalone="no"?>
<config>
    <lines at="topleft">
    </lines>
    <lines at="topcenter">
    </lines>
    <lines at="botleft">
	    <line>
		    <if>
          <var>daytime</var>
          <str>Day $e{day}$f, $a{mctime12}$f Biome: $e{biome}$f || $e{abrfinedirection}$f</str>
          <str>Day $e{day}$f, $a{mctime12}$f Biome: $e{biome}$f || $e{abrfinedirection}$f</str>
        </if>
      </line>
    </lines>
    <lines at="botright">
    </lines>
</config>