{
  "name": "animal",
  "type": "spawner",
  "enabled": false,
  "loadDefault": true,
  "mobCountMin": 8,
  "ignoreBiomes": false,
  "ignoreLightLevel": false,
  "groupLimitRange": 64,
  "conditions": [],
  "triggers": [
    {
      "type": "tick",
      "chance": 0.25,
      "tickRate": 3200
    }
  ],
  "locations": [
    {
      "type": "random",
      "rangeMin": [
        42,
        0,
        42
      ],
      "rangeMax": [
        32,
        48,
        32
      ],
      "sorting": "random",
      "limit": 32,
      "solidGround": true
    }
  ]
}