{
  "name": "beast",
  "type": "spawner",
  "enabled": false,
  "loadDefault": true,
  "mobCountMin": 8,
  "ignoreBiomes": false,
  "ignoreLightLevel": false,
  "conditions": [],
  "triggers": [
    {
      "type": "tick",
      "chance": 0.5,
      "tickRate": 800
    }
  ],
  "locations": [
    {
      "type": "random",
      "rangeMin": [
        42,
        0,
        42
      ],
      "rangeMax": [
        32,
        48,
        32
      ],
      "sorting": "random",
      "limit": 32,
      "solidGround": true
    }
  ]
}