{
  "name": "lunar",
  "type": "spawner",
  "enabled": true,
  "loadDefault": true,
  "mobCountMin": 8,
  "ignoreBiomes": true,
  "ignoreLightLevel": false,
  "conditions": [
    {
      "type": "world",
      "dimensionIds": [
        0,
        7
      ],
      "dayTimeMin": 10000,
      "moonPhase": 0
    }
  ],
  "triggers": [
    {
      "type": "tick",
      "chance": 0.125,
      "tickRate": 800
    }
  ],
  "locations": [
    {
      "type": "random",
      "rangeMin": [
        42,
        0,
        42
      ],
      "rangeMax": [
        32,
        48,
        32
      ],
      "sorting": "random",
      "limit": 32,
      "solidGround": false
    }
  ],
  "mobSpawns": [
    {
      "mobId": "shadowmobs:epion"
    }
  ]
}