{
  "name": "nethersky",
  "type": "spawner",
  "enabled": true,
  "loadDefault": true,
  "mobCountMin": 8,
  "ignoreBiomes": true,
  "ignoreLightLevel": true,
  "conditions": [
    {
      "type": "world",
      "dimensionIds": [
        -1
      ],
      "dimensionListType": "whitelist"
    }
  ],
  "triggers": [
    {
      "type": "tick",
      "chance": 0.5,
      "tickRate": 800
    }
  ],
  "locations": [
    {
      "type": "random",
      "rangeMin": [
        42,
        0,
        42
      ],
      "rangeMax": [
        32,
        48,
        32
      ],
      "sorting": "random",
      "limit": 32,
      "solidGround": false
    }
  ]
}