{
  "name": "portal",
  "type": "spawner",
  "enabled": true,
  "loadDefault": true,
  "mobCountMin": 1,
  "ignoreDimensions": true,
  "ignoreBiomes": true,
  "ignoreLightLevel": true,
  "conditions": [],
  "triggers": [
    {
      "type": "tick",
      "chance": 0.9,
      "tickRate": 1200
    }
  ],
  "locations": [
    {
      "type": "block",
      "rangeMin": [
        0,
        0,
        0
      ],
      "rangeMax": [
        32,
        32,
        32
      ],
      "sorting": "random",
      "blocks": [
        "minecraft:portal"
      ],
      "listType": "whitelist"
    }
  ]
}