{
  "images" : {
    "background_bar" : {
      "image" : "tssn:textures/gui/menu_background.png",
      "posX" : 50,
      "posY" : 0,
      "width" : 100,
      "height" : 2000,
      "alignment" : "top_left"
    }
  },
  "buttons" : {
    "singleplayer" : {
      "text" : "menu.singleplayer",
      "posX" : 55,
      "posY" : -55,
      "width" : 90,
      "height" : 20,
      "normalTextColor" : 15694122,
      "hoverTextColor" : 6736896,
      "alignment" : "left_center",
      "action" : {
        "type" : "openGui",
        "gui" : "singleplayer"
      }
    },
    "multiplayer" : {
      "text" : "menu.multiplayer",
      "posX" : 55,
      "posY" : -30,
      "width" : 90,
      "height" : 20,
      "normalTextColor" : 15694122,
      "hoverTextColor" : 6736896,
      "alignment" : "left_center",
      "action" : {
        "type" : "openGui",
        "gui" : "multiplayer"
      }
    },
    "mods" : {
      "text" : "Mods",
      "posX" : 55,
      "posY" : -5,
      "width" : 90,
      "height" : 20,
      "normalTextColor" : 15694122,
      "hoverTextColor" : 6736896,
      "alignment" : "left_center",
      "action" : {
        "type" : "openGui",
        "gui" : "mods"
      }
    },
    "bug_tracker" : {
      "text" : "Bug Tracker",
      "posX" : 55,
      "posY" : 20,
      "width" : 90,
      "height" : 20,
      "normalTextColor" : 15694122,
      "hoverTextColor" : 6736896,
      "alignment" : "left_center",
      "action" : {
        "type" : "openLink",
        "link" : "https://github.com/PuppetzMedia/Sinful-Skies/issues"
      },
      "tooltip" : "Report / Track Pack Bugs"
    },
    "language" : {
      "text" : "Language",
      "posX" : 53,
      "posY" : -45,
      "width" : 20,
      "height" : 20,
      "normalTextColor" : 6579300,
      "hoverTextColor" : 16777215,
      "alignment" : "bottom_left",
      "action" : {
        "type" : "openGui",
        "gui" : "languages"
      }
    },
    "options" : {
      "text" : "Options",
      "posX" : 53,
      "posY" : -25,
      "width" : 45,
      "height" : 20,
      "normalTextColor" : 15694122,
      "hoverTextColor" : 6736896,
      "alignment" : "bottom_left",
      "action" : {
        "type" : "openGui",
        "gui" : "options"
      }
    },
    "quit" : {
      "text" : "Quit",
      "posX" : 102,
      "posY" : -25,
      "width" : 45,
      "height" : 20,
      "normalTextColor" : 15694122,
      "hoverTextColor" : 6736896,
      "alignment" : "bottom_left",
      "action" : {
        "type" : "quit"
      }
    }
  },
  "texts" : {
    "mojang": {
      "text" : "",
      "posX" : -197,
      "posY" : -10,
      "color" : -1,
      "alignment" : "bottom_right"
    },
    "pack_info" : {
      "text" : "v3.0c Alpha",
      "hoverText" : "v3.0c Alpha",
      "posX" : 75,
      "posY" : -37,
      "color" : 15694122,
      "hoverColor" : 6736896,
      "alignment" : "bottom_left",
      "action" : {
        "type" : "openLink",
        "link" : "https://github.com/PuppetzMedia/Sinful-Skies/tree/1.12.2"
      }
    }
  },
  "other" : {
    "background" : {
      "image" : "tssn:textures/gui/pack_logo.png",
      "mode" : "center"
    },
    "panorama" : {
      "images" : "tssn:textures/gui/title/background/panorama_%c.png",
      "blur" : true,
      "gradient" : false
    }
  }
}