{
  "modid": "",
  "uniqueName": "Embrace_the_Rage",
  "saveName": "Embrace_the_Rage",
  "displayName": "Embrace the Rage",
  "displayInfo": "",
  "colorHex": "FFFFFFFF",
  "language": "en_US",
  "hasCustomIcon": true,
  "showBackground": true,
  "legacyTexture": false,
  "backgroundResource": "enchiridion:textures/books/rustic2.png",
  "backgroundStartX": -10,
  "backgroundStartY": -10,
  "backgroundEndX": 440,
  "backgroundEndY": 240,
  "defaultPage": 0,
  "isLocked": false,
  "forgetPageOnClose": false,
  "book": [
    {
      "features": [
        {
          "xPos": 21,
          "yPos": 200,
          "width": 18.0,
          "height": 10.0,
          "feature": {
            "class": "joshie.enchiridion.gui.book.features.FeatureButton",
            "properties": {
              "action": {
                "class": "joshie.enchiridion.gui.book.buttons.actions.ActionPreviousPage",
                "properties": {}
              },
              "size": 1.0,
              "leftClick": true,
              "rightClick": true,
              "otherClick": false,
              "tooltip": "",
              "hoverText": "",
              "hoverXOffset": 0,
              "hoverYOffset": 0,
              "unhoveredText": "",
              "unhoveredXOffset": 0,
              "unhoveredYOffset": 0,
              "hoveredResource": "enchiridion:textures/books/arrow_left_on.png",
              "unhoveredResource": "enchiridion:textures/books/arrow_left_off.png"
            }
          },
          "isLocked": true,
          "isHidden": false,
          "layerIndex": 0
        },
        {
          "xPos": 387,
          "yPos": 200,
          "width": 18.0,
          "height": 10.0,
          "feature": {
            "class": "joshie.enchiridion.gui.book.features.FeatureButton",
            "properties": {
              "action": {
                "class": "joshie.enchiridion.gui.book.buttons.actions.ActionNextPage",
                "properties": {}
              },
              "size": 1.0,
              "leftClick": true,
              "rightClick": true,
              "otherClick": false,
              "tooltip": "",
              "hoverText": "",
              "hoverXOffset": 0,
              "hoverYOffset": 0,
              "unhoveredText": "",
              "unhoveredXOffset": 0,
              "unhoveredYOffset": 0,
              "hoveredResource": "enchiridion:textures/books/arrow_right_on.png",
              "unhoveredResource": "enchiridion:textures/books/arrow_right_off.png"
            }
          },
          "isLocked": true,
          "isHidden": false,
          "layerIndex": 1
        },
        {
          "xPos": 35,
          "yPos": 21,
          "width": 148.0,
          "height": 74.0,
          "feature": {
            "class": "joshie.enchiridion.gui.book.features.FeatureImage",
            "properties": {
              "path": "enchiridion:images/Embrace_the_Rage/484-Sinful-Skies.png"
            }
          },
          "isLocked": true,
          "isHidden": false,
          "layerIndex": 2
        },
        {
          "xPos": 63,
          "yPos": 130,
          "width": 100.0,
          "height": 100.0,
          "feature": {
            "class": "joshie.enchiridion.gui.book.features.FeatureImage",
            "properties": {
              "path": "enchiridion:images/Embrace_the_Rage/pmSquareLogo.png"
            }
          },
          "isLocked": true,
          "isHidden": false,
          "layerIndex": 3
        },
        {
          "xPos": 29,
          "yPos": 99,
          "width": 170.0,
          "height": 78.0,
          "feature": {
            "class": "joshie.enchiridion.gui.book.features.FeatureText",
            "properties": {
              "text": "      Welcome to Sinful Skies,\n   a modded, hardcore survival,            skyblock experience.\n\n   Created by MindlessPuppetz\n           of PuppetzMedia.",
              "size": 1.0
            }
          },
          "isLocked": true,
          "isHidden": false,
          "layerIndex": 4
        },
        {
          "xPos": 232,
          "yPos": 24,
          "width": 169.0,
          "height": 141.0,
          "feature": {
            "class": "joshie.enchiridion.gui.book.features.FeatureText",
            "properties": {
              "text": "This book is not to give you quests, or goals for that matter. This book is simply a small guide book to help you understand a few things we have altered in the pack.\n\nWhile we are aware of the HQM/BQ mods, we feel that HQM/BQ is not the direction we want this pack to go. We are still fans of the sandbox model. The main goal of the pack is to survive and thrive in this vast void world.",
              "size": 1.0
            }
          },
          "isLocked": true,
          "isHidden": false,
          "layerIndex": 5
        }
      ],
      "pageNumber": 0,
      "isScrollable": false
    },
    {
      "features": [
        {
          "xPos": 21,
          "yPos": 200,
          "width": 18.0,
          "height": 10.0,
          "feature": {
            "class": "joshie.enchiridion.gui.book.features.FeatureButton",
            "properties": {
              "action": {
                "class": "joshie.enchiridion.gui.book.buttons.actions.ActionPreviousPage",
                "properties": {}
              },
              "size": 1.0,
              "leftClick": true,
              "rightClick": true,
              "otherClick": false,
              "tooltip": "",
              "hoverText": "",
              "hoverXOffset": 0,
              "hoverYOffset": 0,
              "unhoveredText": "",
              "unhoveredXOffset": 0,
              "unhoveredYOffset": 0,
              "hoveredResource": "enchiridion:textures/books/arrow_left_on.png",
              "unhoveredResource": "enchiridion:textures/books/arrow_left_off.png"
            }
          },
          "isLocked": true,
          "isHidden": false,
          "layerIndex": 0
        },
        {
          "xPos": 387,
          "yPos": 200,
          "width": 18.0,
          "height": 10.0,
          "feature": {
            "class": "joshie.enchiridion.gui.book.features.FeatureButton",
            "properties": {
              "action": {
                "class": "joshie.enchiridion.gui.book.buttons.actions.ActionNextPage",
                "properties": {}
              },
              "size": 1.0,
              "leftClick": true,
              "rightClick": true,
              "otherClick": false,
              "tooltip": "",
              "hoverText": "",
              "hoverXOffset": 0,
              "hoverYOffset": 0,
              "unhoveredText": "",
              "unhoveredXOffset": 0,
              "unhoveredYOffset": 0,
              "hoveredResource": "enchiridion:textures/books/arrow_right_on.png",
              "unhoveredResource": "enchiridion:textures/books/arrow_right_off.png"
            }
          },
          "isLocked": true,
          "isHidden": false,
          "layerIndex": 1
        },
        {
          "xPos": 87,
          "yPos": 14,
          "width": 48.0,
          "height": 12.0,
          "feature": {
            "class": "joshie.enchiridion.gui.book.features.FeatureText",
            "properties": {
              "text": "THE MODS",
              "size": 1.0
            }
          },
          "isLocked": true,
          "isHidden": false,
          "layerIndex": 2
        },
        {
          "xPos": 21,
          "yPos": 26,
          "width": 180.0,
          "height": 174.0,
          "feature": {
            "class": "joshie.enchiridion.gui.book.features.FeatureText",
            "properties": {
              "text": "NEI/JEI:\nIf you are unfamiliar with these mods, you will want to learn how to use them fairly quickly, as we have implemented several custom recipes.\n\nYou can hover your cursor over an item and use \u0027R\u0027 to show the recipe, or \u0027U\u0027 to show recipes it is used in.\n\nThe Spice of Life:\nOh, I\u0027m sorry, were you trying to survive off eating all those apples you are getting from trees? Not with those diminishing returns added by this mod. You will need to eat a variety of foods in order to not starve to death [which is possible!].",
              "size": 1.0
            }
          },
          "isLocked": true,
          "isHidden": false,
          "layerIndex": 3
        },
        {
          "xPos": 233,
          "yPos": 26,
          "width": 171.0,
          "height": 167.0,
          "feature": {
            "class": "joshie.enchiridion.gui.book.features.FeatureText",
            "properties": {
              "text": "Ore Excavation:\nOre Excavation gives you the ability to break multiples of the same blocks at once that are connected. It is activated by holding sneak by default. Watch your step while sneaking around the edges!\n\nEx Nihilo Omnia:\nWe use Ex Nihilo Omnia to help you obtain materials while living in the void. We have added extra meterials that can be sifted/obtained from Ex Nihilo Omnia that will help you get started in other mods, or possibly expand your food varieties a bit. Again, NEI/JEI are your friend.",
              "size": 1.0
            }
          },
          "isLocked": true,
          "isHidden": false,
          "layerIndex": 4
        },
        {
          "xPos": 65,
          "yPos": 16,
          "width": 38.0,
          "height": 19.0,
          "feature": {
            "class": "joshie.enchiridion.gui.book.features.FeatureRecipe",
            "properties": {
              "ingredients": "tconstruct:pick_head:0:tconstruct:binding:0:tconstruct:tool_rod:0",
              "recipeType": "ShapedRecipes",
              "item": "minecraft:iron_pickaxe 0",
              "hideTooltip": false
            }
          },
          "isLocked": true,
          "isHidden": false,
          "layerIndex": 5
        },
        {
          "xPos": 113,
          "yPos": 118,
          "width": 16.0,
          "height": 16.0,
          "feature": {
            "class": "joshie.enchiridion.gui.book.features.FeatureItem",
            "properties": {
              "item": "minecraft:apple",
              "hideTooltip": false
            }
          },
          "isLocked": true,
          "isHidden": false,
          "layerIndex": 6
        },
        {
          "xPos": 314,
          "yPos": 18,
          "width": 16.0,
          "height": 16.0,
          "feature": {
            "class": "joshie.enchiridion.gui.book.features.FeatureItem",
            "properties": {
              "item": "minecraft:diamond_pickaxe 0",
              "hideTooltip": false
            }
          },
          "isLocked": true,
          "isHidden": false,
          "layerIndex": 7
        },
        {
          "xPos": 309,
          "yPos": 98,
          "width": 16.0,
          "height": 16.0,
          "feature": {
            "class": "joshie.enchiridion.gui.book.features.FeatureItem",
            "properties": {
              "item": "exnihiloomnia:barrel_wood 0",
              "hideTooltip": false
            }
          },
          "isLocked": true,
          "isHidden": false,
          "layerIndex": 8
        }
      ],
      "pageNumber": 1,
      "isScrollable": false
    },
    {
      "features": [
        {
          "xPos": 21,
          "yPos": 200,
          "width": 18.0,
          "height": 10.0,
          "feature": {
            "class": "joshie.enchiridion.gui.book.features.FeatureButton",
            "properties": {
              "action": {
                "class": "joshie.enchiridion.gui.book.buttons.actions.ActionPreviousPage",
                "properties": {}
              },
              "size": 1.0,
              "leftClick": true,
              "rightClick": true,
              "otherClick": false,
              "tooltip": "",
              "hoverText": "",
              "hoverXOffset": 0,
              "hoverYOffset": 0,
              "unhoveredText": "",
              "unhoveredXOffset": 0,
              "unhoveredYOffset": 0,
              "hoveredResource": "enchiridion:textures/books/arrow_left_on.png",
              "unhoveredResource": "enchiridion:textures/books/arrow_left_off.png"
            }
          },
          "isLocked": true,
          "isHidden": false,
          "layerIndex": 0
        },
        {
          "xPos": 387,
          "yPos": 200,
          "width": 18.0,
          "height": 10.0,
          "feature": {
            "class": "joshie.enchiridion.gui.book.features.FeatureButton",
            "properties": {
              "action": {
                "class": "joshie.enchiridion.gui.book.buttons.actions.ActionNextPage",
                "properties": {}
              },
              "size": 1.0,
              "leftClick": true,
              "rightClick": true,
              "otherClick": false,
              "tooltip": "",
              "hoverText": "",
              "hoverXOffset": 0,
              "hoverYOffset": 0,
              "unhoveredText": "",
              "unhoveredXOffset": 0,
              "unhoveredYOffset": 0,
              "hoveredResource": "enchiridion:textures/books/arrow_right_on.png",
              "unhoveredResource": "enchiridion:textures/books/arrow_right_off.png"
            }
          },
          "isLocked": true,
          "isHidden": false,
          "layerIndex": 1
        },
        {
          "xPos": 23,
          "yPos": 24,
          "width": 176.0,
          "height": 174.0,
          "feature": {
            "class": "joshie.enchiridion.gui.book.features.FeatureText",
            "properties": {
              "text": "Tough as Nails:\nSee those extra meters above and to the left of your food bar? That is your temperature and thirst meter. Make sure you keep an eye on those! Death by dehydration or heatstroke / hypothermia is not fun, I hear.\n\nI suggest looking through the items that the mod offers to see how you can better survive the hot and cold.",
              "size": 1.0
            }
          },
          "isLocked": true,
          "isHidden": false,
          "layerIndex": 2
        },
        {
          "xPos": 230,
          "yPos": 23,
          "width": 171.0,
          "height": 172.0,
          "feature": {
            "class": "joshie.enchiridion.gui.book.features.FeatureText",
            "properties": {
              "text": "Souls:\n-IF- you get lucky enough to die on your platforms and not by falling into the void, you will have a chance to win your items back if you can manage to kill your soul that was left behind. Be careful to not knock it off the edge!\n\nTwisted Tweaks:\nWe saved the best for last. This mod adds death by starvation, acid rain, extra blocks that can catch on fire and some other hidden gems.",
              "size": 1.0
            }
          },
          "isLocked": true,
          "isHidden": false,
          "layerIndex": 3
        },
        {
          "xPos": 100,
          "yPos": 17,
          "width": 16.0,
          "height": 16.0,
          "feature": {
            "class": "joshie.enchiridion.gui.book.features.FeatureItem",
            "properties": {
              "item": "toughasnails:campfire 0",
              "hideTooltip": false
            }
          },
          "isLocked": true,
          "isHidden": false,
          "layerIndex": 4
        },
        {
          "xPos": 262,
          "yPos": 16,
          "width": 16.0,
          "height": 16.0,
          "feature": {
            "class": "joshie.enchiridion.gui.book.features.FeatureItem",
            "properties": {
              "item": "minecraft:skull 0",
              "hideTooltip": false
            }
          },
          "isLocked": true,
          "isHidden": false,
          "layerIndex": 5
        },
        {
          "xPos": 310,
          "yPos": 96,
          "width": 16.0,
          "height": 16.0,
          "feature": {
            "class": "joshie.enchiridion.gui.book.features.FeatureItem",
            "properties": {
              "item": "minecraft:spider_eye",
              "hideTooltip": false
            }
          },
          "isLocked": true,
          "isHidden": false,
          "layerIndex": 6
        }
      ],
      "pageNumber": 2,
      "isScrollable": false
    },
    {
      "features": [
        {
          "xPos": 21,
          "yPos": 200,
          "width": 18.0,
          "height": 10.0,
          "feature": {
            "class": "joshie.enchiridion.gui.book.features.FeatureButton",
            "properties": {
              "action": {
                "class": "joshie.enchiridion.gui.book.buttons.actions.ActionPreviousPage",
                "properties": {}
              },
              "size": 1.0,
              "leftClick": true,
              "rightClick": true,
              "otherClick": false,
              "tooltip": "",
              "hoverText": "",
              "hoverXOffset": 0,
              "hoverYOffset": 0,
              "unhoveredText": "",
              "unhoveredXOffset": 0,
              "unhoveredYOffset": 0,
              "hoveredResource": "enchiridion:textures/books/arrow_left_on.png",
              "unhoveredResource": "enchiridion:textures/books/arrow_left_off.png"
            }
          },
          "isLocked": true,
          "isHidden": false,
          "layerIndex": 0
        },
        {
          "xPos": 387,
          "yPos": 200,
          "width": 18.0,
          "height": 10.0,
          "feature": {
            "class": "joshie.enchiridion.gui.book.features.FeatureButton",
            "properties": {
              "action": {
                "class": "joshie.enchiridion.gui.book.buttons.actions.ActionNextPage",
                "properties": {}
              },
              "size": 1.0,
              "leftClick": true,
              "rightClick": true,
              "otherClick": false,
              "tooltip": "",
              "hoverText": "",
              "hoverXOffset": 0,
              "hoverYOffset": 0,
              "unhoveredText": "",
              "unhoveredXOffset": 0,
              "unhoveredYOffset": 0,
              "hoveredResource": "enchiridion:textures/books/arrow_right_on.png",
              "unhoveredResource": "enchiridion:textures/books/arrow_right_off.png"
            }
          },
          "isLocked": true,
          "isHidden": false,
          "layerIndex": 1
        },
        {
          "xPos": 24,
          "yPos": 23,
          "width": 175.0,
          "height": 77.0,
          "feature": {
            "class": "joshie.enchiridion.gui.book.features.FeatureText",
            "properties": {
              "text": "Those are just some of the mods that you should know about. Scoping out the full mods list would be highly recommended for those wanting to know more about the pack.\n\nThis pack is not meant for those who give up easily. It is meant to be a challenge, and will continue to get harder as we keep releasing new versions and tweaking it. I commend you for embracing the rage and attempting to defy the Void Gods.\n\nI hope you enjoy our creation! Happy building!",
              "size": 1.0
            }
          },
          "isLocked": true,
          "isHidden": false,
          "layerIndex": 2
        },
        {
          "xPos": 306,
          "yPos": 13,
          "width": 41.0,
          "height": 12.0,
          "feature": {
            "class": "joshie.enchiridion.gui.book.features.FeatureText",
            "properties": {
              "text": "CREDITS",
              "size": 1.0
            }
          },
          "isLocked": true,
          "isHidden": false,
          "layerIndex": 3
        },
        {
          "xPos": 229,
          "yPos": 23,
          "width": 172.0,
          "height": 80.0,
          "feature": {
            "class": "joshie.enchiridion.gui.book.features.FeatureText",
            "properties": {
              "text": "Modders/Developers:\nNoppes / copygirl: Thank you for the time you have put in getting Twisted Tweaks updated / features added.\nAll others - Thank you for all the time you put into making the mods that make this pack possible. Much love! And to those who have made changes for us along the way!\n\nMinecraft/Forge:\nYou gave the modders and us the ability to enjoy MC and modded MC, and for that, I am extremely grateful.",
              "size": 1.0
            }
          },
          "isLocked": true,
          "isHidden": false,
          "layerIndex": 4
        }
      ],
      "pageNumber": 3,
      "isScrollable": false
    },
    {
      "features": [
        {
          "xPos": 21,
          "yPos": 200,
          "width": 18.0,
          "height": 10.0,
          "feature": {
            "class": "joshie.enchiridion.gui.book.features.FeatureButton",
            "properties": {
              "action": {
                "class": "joshie.enchiridion.gui.book.buttons.actions.ActionPreviousPage",
                "properties": {}
              },
              "size": 1.0,
              "leftClick": true,
              "rightClick": true,
              "otherClick": false,
              "tooltip": "",
              "hoverText": "",
              "hoverXOffset": 0,
              "hoverYOffset": 0,
              "unhoveredText": "",
              "unhoveredXOffset": 0,
              "unhoveredYOffset": 0,
              "hoveredResource": "enchiridion:textures/books/arrow_left_on.png",
              "unhoveredResource": "enchiridion:textures/books/arrow_left_off.png"
            }
          },
          "isLocked": true,
          "isHidden": false,
          "layerIndex": 0
        },
        {
          "xPos": 387,
          "yPos": 200,
          "width": 18.0,
          "height": 10.0,
          "feature": {
            "class": "joshie.enchiridion.gui.book.features.FeatureButton",
            "properties": {
              "action": {
                "class": "joshie.enchiridion.gui.book.buttons.actions.ActionNextPage",
                "properties": {}
              },
              "size": 1.0,
              "leftClick": true,
              "rightClick": true,
              "otherClick": false,
              "tooltip": "",
              "hoverText": "",
              "hoverXOffset": 0,
              "hoverYOffset": 0,
              "unhoveredText": "",
              "unhoveredXOffset": 0,
              "unhoveredYOffset": 0,
              "hoveredResource": "enchiridion:textures/books/arrow_right_on.png",
              "unhoveredResource": "enchiridion:textures/books/arrow_right_off.png"
            }
          },
          "isLocked": true,
          "isHidden": false,
          "layerIndex": 1
        },
        {
          "xPos": 271,
          "yPos": 30,
          "width": 105.0,
          "height": 153.0,
          "feature": {
            "class": "joshie.enchiridion.gui.book.features.FeatureImage",
            "properties": {
              "path": "enchiridion:images/Embrace_the_Rage/384-EPIC-mindlesspuppetz_transp.png"
            }
          },
          "isLocked": true,
          "isHidden": false,
          "layerIndex": 2
        },
        {
          "xPos": 25,
          "yPos": 28,
          "width": 172.0,
          "height": 74.0,
          "feature": {
            "class": "joshie.enchiridion.gui.book.features.FeatureText",
            "properties": {
              "text": "Artwork:\nSamCube - You always take our vision and bring it to life in your art. I am glad to have you as a friend and appreciate all you have done.",
              "size": 1.0
            }
          },
          "isLocked": true,
          "isHidden": false,
          "layerIndex": 3
        }
      ],
      "pageNumber": 4,
      "isScrollable": false
    }
  ]
}