{
  "name": "halloween_landspawner",
  "type": "spawner",
  "enabled": true,
  "loadDefault": true,
  "mobCountMin": 10,
  "ignoreDimensions": true,
  "ignoreBiomes": true,
  "ignoreLightLevel": true,
  "ignoreGroupLimit": true,
  "ignoreForgeCanSpawnEvent": true,
  "forceNoDespawn": true,
  "eventName": "halloween",
  "conditions": [],
  "triggers": [
    {
      "type": "tick",
      "chance": 1,
      "tickRate": 800
    }
  ],
  "locations": [
    {
      "type": "random",
      "rangeMin": [
        24,
        0,
        24
      ],
      "rangeMax": [
        32,
        48,
        32
      ],
      "sorting": "random",
      "limit": 32,
      "solidGround": true
    }
  ],
  "mobSpawns": [
    {
      "mobId": "forestmobs:ent",
      "weight": 8,
      "mobNameTag": "Twisted Ent"
    },
    {
      "mobId": "forestmobs:treant",
      "weight": 4,
      "mobNameTag": "Wicked Treant"
    },
    {
      "mobId": "demonmobs:belph",
      "weight": 8
    },
    {
      "mobId": "demonmobs:behemoth",
      "weight": 4
    },
    {
      "mobId": "swampmobs:triffid",
      "weight": 8
    },
    {
      "mobId": "swampmobs:ghoulzombie",
      "weight": 8
    },
    {
      "mobId": "desertmobs:cryptzombie",
      "weight": 8
    }
  ]
}