{
  "name": "halloween_skyspawner",
  "type": "spawner",
  "enabled": true,
  "loadDefault": true,
  "mobCountMin": 10,
  "ignoreDimensions": true,
  "ignoreBiomes": true,
  "ignoreLightLevel": true,
  "ignoreGroupLimit": true,
  "ignoreForgeCanSpawnEvent": true,
  "forceNoDespawn": true,
  "eventName": "halloween",
  "conditions": [],
  "triggers": [
    {
      "type": "tick",
      "chance": 1,
      "tickRate": 800
    }
  ],
  "locations": [
    {
      "type": "random",
      "rangeMin": [
        24,
        0,
        24
      ],
      "rangeMax": [
        32,
        48,
        32
      ],
      "sorting": "random",
      "limit": 32,
      "solidGround": false
    }
  ],
  "mobSpawns": [
    {
      "mobId": "elementalmobs:wraith",
      "weight": 8,
      "mobNameTag": "Lost Soul"
    },
    {
      "mobId": "demonmobs:cacodemon",
      "weight": 4
    },
    {
      "mobId": "infernomobs:afrit",
      "weight": 8
    },
    {
      "mobId": "elementalmobs:grue",
      "weight": 8,
      "mobNameTag": "Shadow Clown"
    },
    {
      "mobId": "shadowmobs:epion",
      "weight": 8,
      "mobNameTag": "Vampire Bat"
    }
  ]
}