{
  "name": "raptorrampage_spawner",
  "type": "spawner",
  "enabled": true,
  "loadDefault": true,
  "mobCountMin": 5,
  "ignoreDimensions": true,
  "ignoreBiomes": true,
  "ignoreLightLevel": true,
  "ignoreGroupLimit": true,
  "ignoreForgeCanSpawnEvent": true,
  "forceNoDespawn": true,
  "eventName": "raptorrampage",
  "conditions": [],
  "triggers": [
    {
      "type": "tick",
      "chance": 1,
      "tickRate": 100
    }
  ],
  "locations": [
    {
      "type": "random",
      "rangeMin": [
        24,
        0,
        24
      ],
      "rangeMax": [
        32,
        48,
        32
      ],
      "sorting": "random",
      "limit": 32,
      "solidGround": true
    }
  ],
  "mobSpawns": [
    {
      "mobId": "plainsmobs:ventoraptor",
      "weight": 8
    },
    {
      "mobId": "junglemobs:uvaraptor",
      "weight": 8
    }
  ]
}