{
  "name": "satanclaws_spawner",
  "type": "spawner",
  "enabled": true,
  "loadDefault": true,
  "mobCountMin": 5,
  "ignoreDimensions": true,
  "ignoreBiomes": true,
  "ignoreLightLevel": true,
  "ignoreCollision": true,
  "ignoreGroupLimit": true,
  "ignoreForgeCanSpawnEvent": true,
  "forceNoDespawn": true,
  "eventName": "satanclaws",
  "conditions": [],
  "triggers": [
    {
      "type": "tick",
      "chance": 1,
      "tickRate": 100
    }
  ],
  "locations": [
    {
      "type": "random",
      "rangeMin": [
        24,
        0,
        24
      ],
      "rangeMax": [
        32,
        48,
        32
      ],
      "sorting": "random",
      "limit": 32,
      "solidGround": false
    }
  ],
  "mobSpawns": [
    {
      "mobId": "shadowmobs:phantom",
      "weight": 8,
      "mobNameTag": "Satan Claws"
    }
  ]
}