{
  "name": "seastorm_waterspawner",
  "type": "spawner",
  "enabled": true,
  "loadDefault": true,
  "mobCountMin": 10,
  "ignoreDimensions": true,
  "ignoreBiomes": true,
  "ignoreLightLevel": true,
  "ignoreGroupLimit": true,
  "ignoreForgeCanSpawnEvent": true,
  "forceNoDespawn": true,
  "eventName": "seastorm",
  "conditions": [],
  "triggers": [
    {
      "type": "tick",
      "chance": 1,
      "tickRate": 800
    }
  ],
  "locations": [
    {
      "type": "random",
      "rangeMin": [
        24,
        0,
        24
      ],
      "rangeMax": [
        48,
        48,
        48
      ],
      "sorting": "random",
      "limit": 32,
      "blocks": [
        "minecraft:water"
      ],
      "listType": "whitelist",
      "solidGround": false
    }
  ],
  "mobSpawns": [
    {
      "mobId": "saltwatermobs:abtu",
      "weight": 8
    }
  ]
}