{
  "name": "astaroth",
  "class": "com.lycanitesmobs.demonmobs.entity.EntityAstaroth",
  "loadDefault": true,
  "enabled": true,
  "spawning": {
    "enabled": true,
    "spawners": [
      "monster",
      "beast",
      "portal",
      "nether"
    ],
    "disableSubspecies": false,
    "dimensionIds": [
      -1
    ],
    "dimensionListType": "whitelist",
    "ignoreBiome": true,
    "biomes": [
      "nether"
    ],
    "spawnWeight": 2,
    "dungeonWeight": 200,
    "spawnAreaLimit": 5,
    "spawnGroupMin": 1,
    "spawnGroupMax": 3,
    "spawnsInLight": true,
    "spawnsInDark": true,
    "worldDayMin": -1,
    "despawnNatural": true,
    "despawnForced": false
  },
  "width": 3.2,
  "height": 2.0,
  "experience": 15,
  "health": 40,
  "defense": 2,
  "armor": 0,
  "speed": 24,
  "damage": 2,
  "attackSpeed": 1,
  "rangedSpeed": 4,
  "effect": 5,
  "amplifier": 0,
  "pierce": 1,
  "sight": 40,
  "knockbackResistance": 1,
  "eggBackColor": "#999944",
  "eggForeColor": "#0000FF",
  "subspecies": [
    {
      "index": 1,
      "name": "golden",
      "type": "uncommon"
    },
    {
      "index": 2,
      "name": "scarlet",
      "type": "uncommon"
    }
  ],
  "element": "nether",
  "peaceful": false,
  "summonable": true,
  "tameable": false,
  "mountable": false,
  "summonCost": 2,
  "dungeonLevel": 3,
  "drops": [
    {
      "item": "minecraft:iron_ingot",
      "minAmount": 1,
      "maxAmount": 3,
      "chance": 1
    },
    {
      "item": "minecraft:redstone",
      "minAmount": 3,
      "maxAmount": 8,
      "chance": 1
    },
    {
      "item": "demonmobs:devilstarcharge",
      "minAmount": 3,
      "maxAmount": 6,
      "chance": 0.5
    }
  ],
  "sizeScale": 1,
  "hitboxScale": 1
}