{
  "name": "crusk",
  "class": "com.lycanitesmobs.desertmobs.entity.EntityCrusk",
  "loadDefault": true,
  "enabled": true,
  "spawning": {
    "enabled": true,
    "spawners": [
      "monster",
      "beast"
    ],
    "disableSubspecies": false,
    "dimensionIds": [
      -1,
      1
    ],
    "dimensionListType": "blacklist",
    "ignoreBiome": false,
    "biomes": [
      "sandy",
      "wasteland",
      "mesa",
      "-cold"
    ],
    "spawnWeight": 2,
    "dungeonWeight": 200,
    "spawnAreaLimit": 3,
    "spawnGroupMin": 1,
    "spawnGroupMax": 1,
    "spawnsInLight": false,
    "spawnsInDark": true,
    "worldDayMin": -1,
    "despawnNatural": true,
    "despawnForced": false
  },
  "width": 5.8,
  "height": 1.8,
  "experience": 10,
  "health": 40,
  "defense": 3,
  "armor": 0,
  "speed": 24,
  "damage": 4,
  "attackSpeed": 0.3,
  "rangedSpeed": 1,
  "effect": 3,
  "amplifier": 0,
  "pierce": 1,
  "sight": 16,
  "knockbackResistance": 1,
  "eggBackColor": "#FFDDAA",
  "eggForeColor": "#000000",
  "subspecies": [
    {
      "index": 1,
      "name": "golden",
      "type": "uncommon"
    },
    {
      "index": 2,
      "name": "light",
      "type": "uncommon"
    }
  ],
  "element": "quake",
  "peaceful": false,
  "summonable": false,
  "tameable": true,
  "mountable": false,
  "summonCost": 8,
  "dungeonLevel": 1,
  "drops": [
    {
      "item": "minecraft:flint",
      "minAmount": 1,
      "maxAmount": 3,
      "chance": 0.5
    },
    {
      "item": "minecraft:iron_ore",
      "minAmount": 2,
      "maxAmount": 3,
      "chance": 0.5
    },
    {
      "item": "minecraft:gold_ore",
      "minAmount": 1,
      "maxAmount": 2,
      "chance": 0.25
    },
    {
      "item": "minecraft:clay_ball",
      "minAmount": 6,
      "maxAmount": 12,
      "chance": 1
    }
  ],
  "sizeScale": 1,
  "hitboxScale": 1
}