{
  "name": "dawon",
  "class": "com.lycanitesmobs.junglemobs.entity.EntityDawon",
  "loadDefault": true,
  "enabled": true,
  "spawning": {
    "enabled": true,
    "spawners": [
      "monster",
      "beast"
    ],
    "disableSubspecies": false,
    "dimensionIds": [
      -1,
      1
    ],
    "dimensionListType": "blacklist",
    "ignoreBiome": false,
    "biomes": [
      "jungle"
    ],
    "spawnWeight": 6,
    "dungeonWeight": 0,
    "spawnAreaLimit": 5,
    "spawnGroupMin": 1,
    "spawnGroupMax": 3,
    "spawnsInLight": false,
    "spawnsInDark": true,
    "worldDayMin": -1,
    "despawnNatural": true,
    "despawnForced": false
  },
  "width": 1.6,
  "height": 1.4,
  "experience": 5,
  "health": 15,
  "defense": 1,
  "armor": 0,
  "speed": 26,
  "damage": 1,
  "attackSpeed": 2,
  "rangedSpeed": 1,
  "effect": 5,
  "amplifier": 0,
  "pierce": 1,
  "sight": 16,
  "knockbackResistance": 0,
  "eggBackColor": "#49e554",
  "eggForeColor": "#030601",
  "subspecies": [
    {
      "index": 1,
      "name": "scarlet",
      "type": "uncommon"
    },
    {
      "index": 2,
      "name": "azure",
      "type": "uncommon"
    }
  ],
  "element": "crystal",
  "peaceful": false,
  "summonable": false,
  "tameable": true,
  "mountable": false,
  "summonCost": 4,
  "dungeonLevel": 1,
  "drops": [
    {
      "item": "minecraft:quartz",
      "minAmount": 1,
      "maxAmount": 3,
      "chance": 1
    },
    {
      "item": "minecraft:emerald",
      "minAmount": 1,
      "maxAmount": 2,
      "chance": 0.05
    },
    {
      "item": "minecraft:diamond",
      "minAmount": 1,
      "maxAmount": 2,
      "chance": 0.01,
      "subspecies": 1
    },
    {
      "item": "minecraft:diamond",
      "minAmount": 1,
      "maxAmount": 2,
      "chance": 0.01,
      "subspecies": 2
    }
  ],
  "sizeScale": 1,
  "hitboxScale": 1
}