{
  "name": "kobold",
  "class": "com.lycanitesmobs.plainsmobs.entity.EntityKobold",
  "loadDefault": true,
  "enabled": true,
  "spawning": {
    "enabled": true,
    "spawners": [
      "monster",
      "beast"
    ],
    "disableSubspecies": false,
    "dimensionIds": [
      -1,
      1
    ],
    "dimensionListType": "blacklist",
    "ignoreBiome": false,
    "biomes": [
      "plains",
      "savanna",
      "-snowy"
    ],
    "spawnWeight": 8,
    "dungeonWeight": 200,
    "spawnAreaLimit": 5,
    "spawnGroupMin": 1,
    "spawnGroupMax": 3,
    "spawnsInLight": false,
    "spawnsInDark": true,
    "worldDayMin": -1,
    "despawnNatural": true,
    "despawnForced": false
  },
  "width": 0.5,
  "height": 0.9,
  "experience": 5,
  "health": 10,
  "defense": 0,
  "armor": 0,
  "speed": 28,
  "damage": 1,
  "attackSpeed": 2,
  "rangedSpeed": 1,
  "effect": 5,
  "amplifier": -1,
  "pierce": 1,
  "sight": 16,
  "knockbackResistance": 0,
  "eggBackColor": "#996633",
  "eggForeColor": "#FF7777",
  "subspecies": [
    {
      "index": 1,
      "name": "ashen",
      "type": "uncommon"
    },
    {
      "index": 2,
      "name": "verdant",
      "type": "uncommon"
    }
  ],
  "element": "order",
  "peaceful": false,
  "summonable": true,
  "tameable": false,
  "mountable": false,
  "summonCost": 2,
  "dungeonLevel": 0,
  "drops": [
    {
      "item": "minecraft:coal",
      "minAmount": 1,
      "maxAmount": 2,
      "chance": 0.25
    },
    {
      "item": "minecraft:iron_ingot",
      "minAmount": 1,
      "maxAmount": 1,
      "chance": 0.05
    },
    {
      "item": "minecraft:gold_nugget",
      "minAmount": 1,
      "maxAmount": 1,
      "chance": 0.025
    },
    {
      "item": "minecraft:emerald",
      "minAmount": 1,
      "maxAmount": 1,
      "chance": 0.01
    }
  ],
  "sizeScale": 1,
  "hitboxScale": 1
}