{
  "name": "rahovart",
  "class": "com.lycanitesmobs.demonmobs.entity.EntityRahovart",
  "loadDefault": true,
  "enabled": true,
  "spawning": {
    "enabled": true,
    "spawners": [],
    "disableSubspecies": false,
    "dimensionIds": [
      -1
    ],
    "dimensionListType": "whitelist",
    "ignoreBiome": false,
    "biomes": [
      "nether"
    ],
    "spawnWeight": 1,
    "dungeonWeight": 0,
    "spawnAreaLimit": 5,
    "spawnGroupMin": 1,
    "spawnGroupMax": 3,
    "spawnsInLight": false,
    "spawnsInDark": true,
    "worldDayMin": -1,
    "despawnNatural": false,
    "despawnForced": false
  },
  "width": 7.0,
  "height": 25.0,
  "experience": 1000,
  "health": 5000,
  "defense": 2,
  "armor": 0,
  "speed": 32,
  "damage": 2,
  "attackSpeed": 1,
  "rangedSpeed": 0.5,
  "effect": 5,
  "amplifier": 0,
  "pierce": 2,
  "sight": 40,
  "knockbackResistance": 1,
  "eggBackColor": "#000000",
  "eggForeColor": "#FF0000",
  "boss": true,
  "subspecies": [
    {
      "index": 1,
      "name": "light",
      "type": "uncommon"
    },
    {
      "index": 2,
      "name": "dark",
      "type": "uncommon"
    }
  ],
  "element": "nether",
  "peaceful": false,
  "summonable": false,
  "tameable": false,
  "mountable": false,
  "summonCost": 2,
  "dungeonLevel": 1,
  "drops": [
    {
      "item": "minecraft:blaze_powder",
      "minAmount": 20,
      "maxAmount": 50,
      "chance": 1
    },
    {
      "item": "minecraft:blaze_rod",
      "minAmount": 10,
      "maxAmount": 20,
      "chance": 1
    },
    {
      "item": "minecraft:diamond",
      "minAmount": 10,
      "maxAmount": 20,
      "chance": 1
    },
    {
      "item": "minecraft:nether_star",
      "minAmount": 1,
      "maxAmount": 8,
      "chance": 1
    },
    {
      "item": "demonmobs:doomfirecharge",
      "minAmount": 10,
      "maxAmount": 20,
      "chance": 1
    },
    {
      "item": "demonmobs:hellfirecharge",
      "minAmount": 10,
      "maxAmount": 20,
      "chance": 1
    },
    {
      "item": "demonmobs:demonstone",
      "minAmount": 64,
      "maxAmount": 128,
      "chance": 1
    },
    {
      "item": "demonmobs:demonstonebrick",
      "minAmount": 64,
      "maxAmount": 128,
      "chance": 1
    },
    {
      "item": "demonmobs:demonstonetile",
      "minAmount": 64,
      "maxAmount": 128,
      "chance": 1
    },
    {
      "item": "demonmobs:demoncrystal",
      "minAmount": 64,
      "maxAmount": 128,
      "chance": 1
    },
    {
      "item": "demonmobs:soulstonedemonic",
      "minAmount": 1,
      "maxAmount": 3,
      "chance": 1
    }
  ],
  "sizeScale": 1,
  "hitboxScale": 1
}