{
  "name": "raiko",
  "class": "com.lycanitesmobs.saltwatermobs.entity.EntityRaiko",
  "loadDefault": true,
  "enabled": true,
  "spawning": {
    "enabled": true,
    "spawners": [
      "sky"
    ],
    "disableSubspecies": false,
    "dimensionIds": [
      -1,
      1
    ],
    "dimensionListType": "blacklist",
    "ignoreBiome": false,
    "biomes": [
      "ocean"
    ],
    "spawnWeight": 16,
    "dungeonWeight": 200,
    "spawnAreaLimit": 5,
    "spawnGroupMin": 1,
    "spawnGroupMax": 3,
    "spawnsInLight": false,
    "spawnsInDark": true,
    "worldDayMin": -1,
    "despawnNatural": true,
    "despawnForced": false
  },
  "width": 0.8,
  "height": 1.8,
  "experience": 10,
  "health": 10,
  "defense": 0,
  "armor": 0,
  "speed": 42,
  "damage": 2,
  "attackSpeed": 1,
  "rangedSpeed": 1,
  "effect": 5,
  "amplifier": -1,
  "pierce": 1,
  "sight": 32,
  "knockbackResistance": 0,
  "eggBackColor": "#CCCCDD",
  "eggForeColor": "#FF6633",
  "subspecies": [
    {
      "index": 1,
      "name": "azure",
      "type": "uncommon"
    },
    {
      "index": 2,
      "name": "golden",
      "type": "uncommon"
    }
  ],
  "element": "earth",
  "peaceful": false,
  "summonable": false,
  "tameable": true,
  "mountable": true,
  "summonCost": 8,
  "dungeonLevel": 1,
  "drops": [
    {
      "item": "minecraft:bone",
      "minAmount": 1,
      "maxAmount": 3,
      "chance": 1
    },
    {
      "item": "minecraft:feather",
      "minAmount": 1,
      "maxAmount": 3,
      "chance": 1
    }
  ],
  "sizeScale": 1,
  "hitboxScale": 1
}