{
  "name": "ventoraptor",
  "class": "com.lycanitesmobs.plainsmobs.entity.EntityVentoraptor",
  "loadDefault": true,
  "enabled": true,
  "spawning": {
    "enabled": true,
    "spawners": [
      "monster",
      "beast"
    ],
    "disableSubspecies": false,
    "dimensionIds": [
      -1,
      1
    ],
    "dimensionListType": "blacklist",
    "ignoreBiome": false,
    "biomes": [
      "plains",
      "savanna",
      "-snowy"
    ],
    "spawnWeight": 6,
    "dungeonWeight": 200,
    "spawnAreaLimit": 5,
    "spawnGroupMin": 1,
    "spawnGroupMax": 3,
    "spawnsInLight": false,
    "spawnsInDark": true,
    "worldDayMin": -1,
    "despawnNatural": true,
    "despawnForced": false
  },
  "width": 0.8,
  "height": 1.5,
  "experience": 5,
  "health": 20,
  "defense": 0,
  "armor": 0,
  "speed": 28,
  "damage": 4,
  "attackSpeed": 1,
  "rangedSpeed": 1,
  "effect": 5,
  "amplifier": -1,
  "pierce": 1,
  "sight": 16,
  "knockbackResistance": 0.25,
  "eggBackColor": "#99BBFF",
  "eggForeColor": "#0033FF",
  "subspecies": [
    {
      "index": 1,
      "name": "ashen",
      "type": "uncommon"
    },
    {
      "index": 2,
      "name": "azure",
      "type": "uncommon"
    }
  ],
  "element": "order",
  "peaceful": false,
  "summonable": false,
  "tameable": true,
  "mountable": true,
  "summonCost": 4,
  "dungeonLevel": 1,
  "drops": [
    {
      "item": "minecraft:bone",
      "minAmount": 1,
      "maxAmount": 3,
      "chance": 1
    },
    {
      "item": "minecraft:feather",
      "minAmount": 1,
      "maxAmount": 3,
      "chance": 1
    }
  ],
  "sizeScale": 1,
  "hitboxScale": 1
}