{
  "name": "wraith",
  "class": "com.lycanitesmobs.elementalmobs.entity.EntityWraith",
  "loadDefault": true,
  "enabled": true,
  "spawning": {
    "enabled": true,
    "spawners": [
      "nethersky"
    ],
    "disableSubspecies": false,
    "dimensionIds": [
      -1
    ],
    "dimensionListType": "whitelist",
    "ignoreBiome": true,
    "biomes": [],
    "spawnWeight": 8,
    "dungeonWeight": 200,
    "spawnAreaLimit": 5,
    "spawnGroupMin": 1,
    "spawnGroupMax": 3,
    "spawnsInLight": false,
    "spawnsInDark": true,
    "worldDayMin": -1,
    "despawnNatural": true,
    "despawnForced": false
  },
  "width": 0.8,
  "height": 1.6,
  "experience": 5,
  "health": 5,
  "defense": 0,
  "armor": 0,
  "speed": 32,
  "damage": 4,
  "attackSpeed": 1,
  "rangedSpeed": 1,
  "effect": 5,
  "amplifier": 0,
  "pierce": 1,
  "sight": 32,
  "knockbackResistance": 0,
  "eggBackColor": "#FF9900",
  "eggForeColor": "#FF0000",
  "subspecies": [
    {
      "index": 1,
      "name": "verdant",
      "type": "uncommon"
    },
    {
      "index": 2,
      "name": "azure",
      "type": "uncommon"
    }
  ],
  "element": "nether",
  "peaceful": false,
  "summonable": false,
  "tameable": false,
  "mountable": false,
  "summonCost": 2,
  "dungeonLevel": 1,
  "drops": [
    {
      "item": "minecraft:bone",
      "minAmount": 2,
      "maxAmount": 2,
      "chance": 1
    },
    {
      "item": "minecraft:gunpowder",
      "minAmount": 1,
      "maxAmount": 2,
      "chance": 0.75
    },
    {
      "item": "minecraft:blaze_powder",
      "minAmount": 1,
      "maxAmount": 2,
      "chance": 0.5
    }
  ],
  "sizeScale": 1,
  "hitboxScale": 1
}