{
  "name": "yale",
  "class": "com.lycanitesmobs.mountainmobs.entity.EntityYale",
  "loadDefault": true,
  "enabled": true,
  "spawning": {
    "enabled": true,
    "spawners": [
      "creature",
      "animal"
    ],
    "disableSubspecies": false,
    "dimensionIds": [
      -1,
      1
    ],
    "dimensionListType": "blacklist",
    "ignoreBiome": false,
    "biomes": [
      "mountain"
    ],
    "spawnWeight": 16,
    "dungeonWeight": 0,
    "spawnAreaLimit": 5,
    "spawnGroupMin": 1,
    "spawnGroupMax": 3,
    "spawnsInLight": true,
    "spawnsInDark": false,
    "worldDayMin": -1,
    "despawnNatural": false,
    "despawnForced": false
  },
  "width": 0.9,
  "height": 1.8,
  "experience": 5,
  "health": 10,
  "defense": 0,
  "armor": 0,
  "speed": 26,
  "damage": 2,
  "attackSpeed": 1,
  "rangedSpeed": 1,
  "effect": 5,
  "amplifier": 1,
  "pierce": 1,
  "sight": 16,
  "knockbackResistance": 0.25,
  "eggBackColor": "#FFEEAA",
  "eggForeColor": "#FFDD77",
  "subspecies": [
    {
      "index": 1,
      "name": "light",
      "type": "uncommon"
    },
    {
      "index": 2,
      "name": "golden",
      "type": "uncommon"
    }
  ],
  "element": "earth",
  "peaceful": true,
  "summonable": false,
  "tameable": false,
  "mountable": false,
  "summonCost": 1,
  "dungeonLevel": 0,
  "drops": [
    {
      "item": "mountainmobs:yalemeatraw",
      "burningItem": "mountainmobs:yalemeatcooked",
      "minAmount": 1,
      "maxAmount": 3,
      "chance": 1
    }
  ],
  "sizeScale": 1,
  "hitboxScale": 1
}