{
  "name": "zephyr",
  "class": "com.lycanitesmobs.elementalmobs.entity.EntityZephyr",
  "loadDefault": true,
  "enabled": true,
  "spawning": {
    "enabled": true,
    "spawners": [],
    "disableSubspecies": false,
    "dimensionIds": [],
    "dimensionListType": "blacklist",
    "ignoreBiome": false,
    "biomes": [],
    "spawnWeight": 8,
    "dungeonWeight": 200,
    "spawnAreaLimit": 5,
    "spawnGroupMin": 1,
    "spawnGroupMax": 3,
    "spawnsInLight": false,
    "spawnsInDark": true,
    "worldDayMin": -1,
    "despawnNatural": true,
    "despawnForced": false
  },
  "width": 0.8,
  "height": 1.6,
  "experience": 10,
  "health": 15,
  "defense": 0,
  "armor": 0,
  "speed": 28,
  "damage": 1,
  "attackSpeed": 1,
  "rangedSpeed": 1,
  "effect": 5,
  "amplifier": 0,
  "pierce": 1,
  "sight": 16,
  "knockbackResistance": 0,
  "eggBackColor": "#FFFFDD",
  "eggForeColor": "#AABBFF",
  "subspecies": [
    {
      "index": 1,
      "name": "golden",
      "type": "uncommon"
    },
    {
      "index": 2,
      "name": "keppel",
      "type": "uncommon"
    }
  ],
  "element": "electric",
  "peaceful": false,
  "summonable": false,
  "tameable": false,
  "mountable": false,
  "summonCost": 2,
  "dungeonLevel": 1,
  "drops": [
    {
      "item": "minecraft:glowstone_dust",
      "minAmount": 1,
      "maxAmount": 8,
      "chance": 1
    },
    {
      "item": "minecraft:gunpowder",
      "minAmount": 1,
      "maxAmount": 3,
      "chance": 1
    },
    {
      "item": "lycanitesmobs:cleansingcrystal",
      "minAmount": 1,
      "maxAmount": 1,
      "chance": 0.05
    }
  ],
  "sizeScale": 1,
  "hitboxScale": 1
}