{
  "name": "demonic",
  "loadDefault": true,
  "floorPattern": "random",
  "wallPattern": "random",
  "ceilingPattern": "random",
  "floorBlocks": [
    {
      "blockId": "demonmobs:demonstonetile",
      "weight": 8
    },
    {
      "blockId": "demonmobs:demonstonepolished",
      "weight": 2
    },
    {
      "blockId": "minecraft:netherrack",
      "weight": 0
    }
  ],
  "wallBlocks": [
    {
      "blockId": "demonmobs:demonstonebrick",
      "weight": 8
    },
    {
      "blockId": "demonmobs:demonstonechiseled",
      "weight": 2
    },
    {
      "blockId": "demonmobs:demonstonepillar",
      "weight": 0
    }
  ],
  "ceilingBlocks": [
    {
      "blockId": "demonmobs:demonstonetile",
      "weight": 8
    },
    {
      "blockId": "demonmobs:demonstonepolished",
      "weight": 2
    }
  ],
  "lightBlocks": [
    {
      "blockId": "demonmobs:demoncrystal",
      "weight": 8
    }
  ],
  "torchBlocks": [],
  "stairBlocks": [
    {
      "blockId": "demonmobs:demonstone_stairs",
      "weight": 8
    },
    {
      "blockId": "demonmobs:demonstonebrick_stairs",
      "weight": 8
    },
    {
      "blockId": "demonmobs:demonstonetile_stairs",
      "weight": 8
    }
  ],
  "pitBlocks": [
    {
      "blockId": "demonmobs:doomfire",
      "weight": 8
    },
    {
      "blockId": "demonmobs:hellfire",
      "weight": 8
    },
    {
      "blockId": "minecraft:lava",
      "weight": 8
    }
  ]
}